Type;Year;COMM_ID;City;Country
Communications invites en congrès / colloques (keynotes);2018;1;Reims;France
Communications invites en congrès / colloques (keynotes);2017;2;Bhubaneswar;Inde
Communications invites en congrès / colloques (keynotes);2016;3;Londres;Royaume-Uni
Communications invites en congrès / colloques (keynotes);2015;4;Abu Dhabi;Emirats Arabes Unis
Communications invites en congrès / colloques (keynotes);2015;5;Prague;République Tchèque
Communications à congrès / colloques sur soumission;2018;6;Orléans;France
Communications à congrès / colloques sur soumission;2018;7;Paris;France
Communications à congrès / colloques sur soumission;2018;8;Reims;France
Communications à congrès / colloques sur soumission;2018;9;Orléans;France
Communications à congrès / colloques sur soumission;2018;10;Goteborg;Suède
Communications à congrès / colloques sur soumission;2018;11;Cartagène;Colombie
Communications à congrès / colloques sur soumission;2018;12;Rome;Italie
Communications à congrès / colloques sur soumission;2018;13;Lyon;France
Communications à congrès / colloques sur soumission;2018;14;Dijon;France
Communications à congrès / colloques sur soumission;2018;15;Paris;France
Communications à congrès / colloques sur soumission;2018;16;Ascona;Suisse
Communications à congrès / colloques sur soumission;2018;17;Goteborg;Suède
Communications à congrès / colloques sur soumission;2018;18;Madrid;Espagne
Communications à congrès / colloques sur soumission;2018;19;Dijon;France
Communications à congrès / colloques sur soumission;2018;20;Gotebord;Suède
Communications à congrès / colloques sur soumission;2018;21;Gotebord;Suède
Communications à congrès / colloques sur soumission;2018;22;Gotebord;Suède
Communications à congrès / colloques sur soumission;2017;23;Anvers;Belgique
Communications à congrès / colloques sur soumission;2017;24;Paris;France
Communications à congrès / colloques sur soumission;2017;25;Nice;France
Communications à congrès / colloques sur soumission;2017;26;Vienne;Autriche
Communications à congrès / colloques sur soumission;2017;27;Nancy;France
Communications à congrès / colloques sur soumission;2017;28;Florance;Italie
Communications à congrès / colloques sur soumission;2017;29;New Delhi;Inde
Communications à congrès / colloques sur soumission;2017;30;Washington DC;Etats-Unis
Communications à congrès / colloques sur soumission;2017;31;Paris;France
Communications à congrès / colloques sur soumission;2017;32;Stuttgart;Germany
Communications à congrès / colloques sur soumission;2017;33;Singapour;Singapour
Communications à congrès / colloques sur soumission;2017;34;Ho Chi Minh Ville;Vietnam
Communications à congrès / colloques sur soumission;2017;35;Potsdam;Allemagne
Communications à congrès / colloques sur soumission;2017;36;Recife;Brésil
Communications à congrès / colloques sur soumission;2017;37;Athènes;Grèce
Communications à congrès / colloques sur soumission;2017;38;Washington DC;Etats-Unis
Communications à congrès / colloques sur soumission;2017;39;Lyon;France
Communications à congrès / colloques sur soumission;2017;40;Atlantic City;Etats-Unis
Communications à congrès / colloques sur soumission;2017;41;Tsukuba;Japon
Communications à congrès / colloques sur soumission;2017;42;Stockholm;Suède
Communications à congrès / colloques sur soumission;2017;43;Nancy;France
Communications à congrès / colloques sur soumission;2017;44;Aix-en-Provence;France
Communications à congrès / colloques sur soumission;2017;45;Toulouse;France
Communications à congrès / colloques sur soumission;2017;46;Melia Sitges;Espagne
Communications à congrès / colloques sur soumission;2017;47;Paris;France
Communications à congrès / colloques sur soumission;2017;48;Stockhollm;Suède
Communications à congrès / colloques sur soumission;2017;49;Vancouvert;Canada
Communications à congrès / colloques sur soumission;2017;50;Paris;France
Communications à congrès / colloques sur soumission;2016;51;Bruxelles;Belgique
Communications à congrès / colloques sur soumission;2016;52;Pékin;Chine
Communications à congrès / colloques sur soumission;2016;53;Pékin;Chine
Communications à congrès / colloques sur soumission;2016;54;Cork;Irelande
Communications à congrès / colloques sur soumission;2016;55;Turin;Tialy
Communications à congrès / colloques sur soumission;2016;56;Londres;Royaume-Uni
Communications à congrès / colloques sur soumission;2016;57;Paris;France
Communications à congrès / colloques sur soumission;2016;58;Lancaster;Royaume-Uni
Communications à congrès / colloques sur soumission;2016;59;Lisbonne;Portugal
Communications à congrès / colloques sur soumission;2016;60;Pékin;Chine
Communications à congrès / colloques sur soumission;2016;61;Pékin;Chine
Communications à congrès / colloques sur soumission;2016;62;Genève;Suisse
Communications à congrès / colloques sur soumission;2016;63;Séoul;Corée
Communications à congrès / colloques sur soumission;2016;64;Cali;Colombie
Communications à congrès / colloques sur soumission;2016;65;Helsinki;Finlande
Communications à congrès / colloques sur soumission;2016;66;Bordeaux;France
Communications à congrès / colloques sur soumission;2016;67;Strasbourg;France
Communications à congrès / colloques sur soumission;2016;68;Barcelone;Espagne
Communications à congrès / colloques sur soumission;2016;69;Paris;France
Communications à congrès / colloques sur soumission;2016;70;Cork;Irlande
Communications à congrès / colloques sur soumission;2016;71;Oxford;Royaume-Uni
Communications à congrès / colloques sur soumission;2016;72;Cienne;Autriche
Communications à congrès / colloques sur soumission;2016;73;Bordeaux;France
Communications à congrès / colloques sur soumission;2016;74;Cork;Irelande
Communications à congrès / colloques sur soumission;2016;75;Cali;Colombie
Communications à congrès / colloques sur soumission;2016;76;Cali;Colombie
Communications à congrès / colloques sur soumission;2016;77;Anvers;Belgique
Communications à congrès / colloques sur soumission;2016;78;Montpellier;France
Communications à congrès / colloques sur soumission;2016;79;Cali;Colombie
Communications à congrès / colloques sur soumission;2016;80;Shangai;Chine
Communications à congrès / colloques sur soumission;2016;81;Paris;France
Communications à congrès / colloques sur soumission;2015;82;Grenoble;France
Communications à congrès / colloques sur soumission;2015;83;Paris;France
Communications à congrès / colloques sur soumission;2015;84;Bordeaux;France
Communications à congrès / colloques sur soumission;2015;85;Prague;République Tchèque
Communications à congrès / colloques sur soumission;2015;86;Grenoble;France
Communications à congrès / colloques sur soumission;2015;87;Venise;Italie
Communications à congrès / colloques sur soumission;2015;88;Paris;France
Communications à congrès / colloques sur soumission;2015;89;Athènes;Grèce
Communications à congrès / colloques sur soumission;2015;90;Potsdam;Allemagne
Communications à congrès / colloques sur soumission;2015;91;Paris;France
Communications à congrès / colloques sur soumission;2015;92;Rennes;France
Communications à congrès / colloques sur soumission;2015;93;Paris;France
Communications à congrès / colloques sur soumission;2015;94;New York;Etats-Unis
Communications à congrès / colloques sur soumission;2015;95;Londres;Royaume-Uni
Communications à congrès / colloques sur soumission;2015;96;Abu Dhabi;Emirats Arabes Unis
Communications à congrès / colloques sur soumission;2015;97;paris;France
Communications à congrès / colloques sur soumission;2015;98;Paris;France
Communications à congrès / colloques sur soumission;2015;99;Helsinki;Finlande
Communications à congrès / colloques sur soumission;2015;100;Desde;Allemagne
Communications à congrès / colloques sur soumission;2015;101;Tours;France
Communications à congrès / colloques sur soumission;2015;102;Helsinki;Vietnam
Communications à congrès / colloques sur soumission;2015;103;Paris;France
Communications à congrès / colloques sur soumission;2015;104;Venise;Italie
Communications à congrès / colloques sur soumission;2015;105;Yorkshire;Royaume-Uni
Communications à congrès / colloques sur soumission;2015;106;Stellenbosch;Afrique du Sud
Communications à congrès / colloques sur soumission;2015;107;Stellenbosch;Afrique du Sud
Communications à congrès / colloques sur soumission;2015;108;Toulouse;France
Communications à congrès / colloques sur soumission;2014;109;Lyon;France
Communications à congrès / colloques sur soumission;2014;110;Montpellier;France
Communications à congrès / colloques sur soumission;2014;111;Ljubljana;Slovénie
Communications à congrès / colloques sur soumission;2014;112;Florence;Italie
Communications à congrès / colloques sur soumission;2014;113;Manheim;Allemagne
Communications à congrès / colloques sur soumission;2014;114;Toulouse;France
Communications à congrès / colloques sur soumission;2014;115;Istanbul;Turquie
Communications à congrès / colloques sur soumission;2014;116;San Diego;Etats-Unis
Communications à congrès / colloques sur soumission;2014;117;Londres;Royaume-Uni
Communications à congrès / colloques sur soumission;2014;118;nancy;France
Communications à congrès / colloques sur soumission;2014;119;Pékin;Chine
Communications à congrès / colloques sur soumission;2014;120;Dakar;Sénégal
Communications à congrès / colloques sur soumission;2014;121;Toxa;Espagne
Communications à congrès / colloques sur soumission;2014;122;Rome;Italie
Communications à congrès / colloques sur soumission;2014;123;Dakar;Sénégal
Communications à congrès / colloques sur soumission;2014;124;Sainte Beaume;France
Communications à congrès / colloques sur soumission;2014;125;Marnel-la-Vallée;France
Communications à congrès / colloques sur soumission;2014;126;Orléans;France
Communications à congrès / colloques sur soumission;2014;127;Washington DC;Etats-Unis
Communications à congrès / colloques sur soumission;2014;128;Washington DC;Etats-Unis
Communications à congrès / colloques sur soumission;2014;129;Sheffield;Royaume-Uni
Communications à congrès / colloques sur soumission;2013;130;Cardiff;Royaume-Uni
Communications à congrès / colloques sur soumission;2013;131;Champs-sur-Marne;France
Communications à congrès / colloques sur soumission;2013;132;Atlanta;Etats-Unis
Communications à congrès / colloques sur soumission;2013;133;Reykjavik;Islande
Communications à congrès / colloques sur soumission;2013;134;Shangai;Chine
Communications à congrès / colloques sur soumission;2013;135;Prague;République Tchèque
Communications à congrès / colloques sur soumission;2013;136;Londres;Royaume-Uni
Communications à congrès / colloques sur soumission;2013;137;Vienne;Autriche
Communications à congrès / colloques sur soumission;2013;138;paris;France
Communications à congrès / colloques sur soumission;2013;139;Lisbonne;Portugal
Communications à congrès / colloques sur soumission;2013;140;Shangai;Chine
Communications à congrès / colloques sur soumission;2013;141;Paris;France
Communications à congrès / colloques sur soumission;2013;142;Shangai;Chine
Communications à congrès / colloques sur soumission;2013;143;Aix-en-Provence;France
Communications à congrès / colloques sur soumission;2013;144;Paris;France
Communications à congrès / colloques sur soumission;2013;145;Paris;France
Communications à congrès / colloques sur soumission;2013;146;Taipei;Taiwan
Communications à congrès / colloques sur soumission;2013;147;Toulouse;France
Communications à congrès / colloques sur soumission;2013;148;Toulouse;France
Communications à congrès / colloques sur soumission;2013;149;Prague;République Tchèque
Communications à congrès / colloques sur soumission;2013;150;Paris;France
Communications à congrès / colloques sur soumission;2013;151;Lisbonne;Portugal
Communications à congrès / colloques sur soumission;2013;152;Londres;Royaume-Uni
Communications à congrès / colloques sur soumission;2013;153;Maputo;Mozambique
Communications à congrès / colloques sur soumission;2013;154;Chicago;Etats-Unis
Communications à congrès / colloques sur soumission;2013;155;Atlanta;Etats-Unis
Communications à congrès / colloques sur soumission;2013;156;Atlanta;Etats-Unis
Communications à colloques / ateliers sur invitation;2018;157;Annecy;France
Communications à colloques / ateliers sur invitation;2018;158;Chandigarh;Inde
Communications à colloques / ateliers sur invitation;2018;159;Grenoble;France
Communications à colloques / ateliers sur invitation;2018;160;Princeton;Etats-Unis
Communications à colloques / ateliers sur invitation;2018;161;Lausanne;Suisse
Communications à colloques / ateliers sur invitation;2017;162;Paris;France
Communications à colloques / ateliers sur invitation;2017;163;Rabat;Maroc
Communications à colloques / ateliers sur invitation;2017;164;Paris;France
Communications à colloques / ateliers sur invitation;2017;165;Paris;France
Communications à colloques / ateliers sur invitation;2017;166;Paris;France
Communications à colloques / ateliers sur invitation;2017;167;Belfast;Royaume-Uni
Communications à colloques / ateliers sur invitation;2017;168;Paris;France
Communications à colloques / ateliers sur invitation;2017;169;Paris;France
Communications à colloques / ateliers sur invitation;2017;170;Delhi;Inde
Communications à colloques / ateliers sur invitation;2017;171;Delhi;Inde
Communications à colloques / ateliers sur invitation;2017;172;Paris;France
Communications à colloques / ateliers sur invitation;2017;173;Delhi;Inde
Communications à colloques / ateliers sur invitation;2017;174;Paris;France
Communications à colloques / ateliers sur invitation;2017;175;Paris;France
Communications à colloques / ateliers sur invitation;2017;176;Paris;France
Communications à colloques / ateliers sur invitation;2017;177;Paris;France
Communications à colloques / ateliers sur invitation;2017;178;Paris;France
Communications à colloques / ateliers sur invitation;2017;179;Paris;France
Communications à colloques / ateliers sur invitation;2017;180;Rio de Janeiro;Brésil
Communications à colloques / ateliers sur invitation;2017;181;Paris;France
Communications à colloques / ateliers sur invitation;2017;182;Berlin;Allmagne
Communications à colloques / ateliers sur invitation;2017;183;Berlin;Allemagne
Communications à colloques / ateliers sur invitation;2017;184;Princeton;Royaume-Uni
Communications à colloques / ateliers sur invitation;2017;185;Prato;Italie
Communications à colloques / ateliers sur invitation;2017;186;Paris;France
Communications à colloques / ateliers sur invitation;2017;187;Grenoble;France
Communications à colloques / ateliers sur invitation;2017;188;Saclay;France
Communications à colloques / ateliers sur invitation;2017;189;Paris;France
Communications à colloques / ateliers sur invitation;2017;190;Paris;France
Communications à colloques / ateliers sur invitation;2016;191;Strasbourg;France
Communications à colloques / ateliers sur invitation;2016;192;Marrakech;Maroc
Communications à colloques / ateliers sur invitation;2016;193;Paris;France
Communications à colloques / ateliers sur invitation;2016;194;Delhi;Inde
Communications à colloques / ateliers sur invitation;2016;195;Paris;France
Communications à colloques / ateliers sur invitation;2016;196;Paris;France
Communications à colloques / ateliers sur invitation;2016;197;Wuppertal;Allemagne
Communications à colloques / ateliers sur invitation;2016;198;Paris;France
Communications à colloques / ateliers sur invitation;2016;199;Le Cap;Afrique du Sud
Communications à colloques / ateliers sur invitation;2016;200;Marrakech;Maroc
Communications à colloques / ateliers sur invitation;2016;201;Londres;Royaume-Uni
Communications à colloques / ateliers sur invitation;2016;202;Lyon;France
Communications à colloques / ateliers sur invitation;2016;203;Brest;France
Communications à colloques / ateliers sur invitation;2016;204;Paris;France
Communications à colloques / ateliers sur invitation;2016;205;Francfort;Allemagne
Communications à colloques / ateliers sur invitation;2016;206;Bordeaux;France
Communications à colloques / ateliers sur invitation;2016;207;Tours;France
Communications à colloques / ateliers sur invitation;2016;208;Paris;France
Communications à colloques / ateliers sur invitation;2015;209;Cerisy-la-Salle;France
Communications à colloques / ateliers sur invitation;2015;210;Paris;France
Communications à colloques / ateliers sur invitation;2015;211;Paris;France
Communications à colloques / ateliers sur invitation;2015;212;Paris;France
Communications à colloques / ateliers sur invitation;2015;213;Paris;France
Communications à colloques / ateliers sur invitation;2015;214;Paris;France
Communications à colloques / ateliers sur invitation;2015;215;Paris;France
Communications à colloques / ateliers sur invitation;2015;216;Paris;France
Communications à colloques / ateliers sur invitation;2015;217;Paris;France
Communications à colloques / ateliers sur invitation;2015;218;Paris;France
Communications à colloques / ateliers sur invitation;2015;219;Paris;France
Communications à colloques / ateliers sur invitation;2015;220;Istanbul;Turquie
Communications à colloques / ateliers sur invitation;2015;221;Paris;France
Communications à colloques / ateliers sur invitation;2015;222;Villefranche sur Mer;France
Communications à colloques / ateliers sur invitation;2015;223;Berlin;Allemagne
Communications à colloques / ateliers sur invitation;2015;224;Paris;France
Communications à colloques / ateliers sur invitation;2014;225;Paris;France
Communications à colloques / ateliers sur invitation;2014;226;Mannheim;Allemagne
Communications à colloques / ateliers sur invitation;2014;227;Paris;France
Communications à colloques / ateliers sur invitation;2014;228;Paris;France
Communications à colloques / ateliers sur invitation;2014;229;Paris;France
Communications à colloques / ateliers sur invitation;2014;230;Aix-en-Provence;France
Communications à colloques / ateliers sur invitation;2014;231;Paris;France
Communications à colloques / ateliers sur invitation;2014;232;Paris;France
Communications à colloques / ateliers sur invitation;2014;233;Paris;France
Communications à colloques / ateliers sur invitation;2014;234;Paris;France
Communications à colloques / ateliers sur invitation;2014;235;Toulouse;France
Communications à colloques / ateliers sur invitation;2014;236;Paris;France
Communications à colloques / ateliers sur invitation;2014;237;Paris;France
Communications à colloques / ateliers sur invitation;2014;238;Paris;France
Communications à colloques / ateliers sur invitation;2014;239;Cork;Irelande
Communications à colloques / ateliers sur invitation;2014;240;Rome;Italie
Communications à colloques / ateliers sur invitation;2013;241;Paris;France
Communications à colloques / ateliers sur invitation;2013;242;Paris;France
Communications à colloques / ateliers sur invitation;2013;243;Paris;France
Communications à colloques / ateliers sur invitation;2013;244;Paris;France
Communications à colloques / ateliers sur invitation;2013;245;Lisbonne;Portugal
Communications à colloques / ateliers sur invitation;2013;246;Paris;France
Communications à colloques / ateliers sur invitation;2013;247;Milan;Italie
Communications à colloques / ateliers sur invitation;2013;248;Venise;Italie
Communications à colloques / ateliers sur invitation;2013;249;Paris;France
Communications à colloques / ateliers sur invitation;2013;250;Paris;France
Communications à colloques / ateliers sur invitation;2013;251;Paris;France
Communications à colloques / ateliers sur invitation;2013;252;Paris;France
Communications à colloques / ateliers sur invitation;2013;253;Paris;France
Communications à colloques / ateliers sur invitation;2013;254;Paris;France
Communications à colloques / ateliers sur invitation;2013;255;Dourdan;France
Communications à colloques / ateliers sur invitation;2013;256;Paris;France
Communications à colloques / ateliers sur invitation;2013;257;Paris;France
Communications à colloques / ateliers sur invitation;2013;258;Paris;France
Communications à colloques / ateliers sur invitation;2013;259;Bruxelles;Belgique
Communications à colloques / ateliers sur invitation;2013;260;Paris;France
Communications à colloques / ateliers sur invitation;2013;261;Strasbourg;France
Communications à colloques / ateliers sur invitation;2013;262;Le Havre;France
Communications à colloques / ateliers sur invitation;2013;263;Toulon;France
Communications à colloques / ateliers sur invitation;2013;264;Paris;France
Communications à colloques / ateliers sur invitation;2013;265;Aussois-en-Vanois;France
Communications à colloques / ateliers sur invitation;2013;266;Paris;France
Communications à colloques / ateliers sur invitation;2013;267;Yokohama;Japon
Communications à colloques / ateliers sur invitation;2013;268;Paris;France
Communications à colloques / ateliers sur invitation;2013;269;Munich;Allemagne
Communications à colloques / ateliers sur invitation;2013;270;Champ-sur-Marne;France
Communications à colloques / ateliers sur invitation;2013;271;Belin;Allemagne
Communications à colloques / ateliers sur invitation;2013;272;Paris;France
Communications à colloques / ateliers sur invitation;2013;273;Hambourg;Allemagne
Communications à des séminaires scientifiques;2018;274;Cape town;Afrique du Sud
Communications à des séminaires scientifiques;2018;275;Paris;France
Communications à des séminaires scientifiques;2018;276;Nancy;France
Communications à des séminaires scientifiques;2018;277;Montpellier;France
Communications à des séminaires scientifiques;2018;278;Paris;France
Communications à des séminaires scientifiques;2018;279;Nancy;France
Communications à des séminaires scientifiques;2017;280;Paris;France
Communications à des séminaires scientifiques;2017;281;New Delhi;Inde
Communications à des séminaires scientifiques;2017;282;Ahmenabad;Inde
Communications à des séminaires scientifiques;2017;283;Paris;France
Communications à des séminaires scientifiques;2017;284;Paris;France
Communications à des séminaires scientifiques;2017;285;Palaiseau;France
Communications à des séminaires scientifiques;2017;286;Namur;Belgique
Communications à des séminaires scientifiques;2017;287;Lille;France
Communications à des séminaires scientifiques;2017;288;Montpellier;France
Communications à des séminaires scientifiques;2017;289;Paris;France
Communications à des séminaires scientifiques;2017;290;Milan;Italie
Communications à des séminaires scientifiques;2017;291;Paris;France
Communications à des séminaires scientifiques;2017;292;Nancy;France
Communications à des séminaires scientifiques;2016;293;Rochester;Royaume-Uni
Communications à des séminaires scientifiques;2016;294;New York;Etats-Unis
Communications à des séminaires scientifiques;2016;295;Toronto;Canada
Communications à des séminaires scientifiques;2016;296;Grenoble;France
Communications à des séminaires scientifiques;2016;297;Paris;France
Communications à des séminaires scientifiques;2016;298;Cacha;France
Communications à des séminaires scientifiques;2015;299;Champaign;Etats-Unis
Communications à des séminaires scientifiques;2015;300;New Delhi;Inde
Communications à des séminaires scientifiques;2015;301;Grenoble;France
Communications à des séminaires scientifiques;2015;302;Princeton;Royaume-Uni
Communications à des séminaires scientifiques;2015;303;Palaiseau;France
Communications à des séminaires scientifiques;2015;304;Paris;France
Communications à des séminaires scientifiques;2015;305;Paris;France
Communications à des séminaires scientifiques;2015;306;Paris;France
Communications à des séminaires scientifiques;2014;307;Delhi;Inde
Communications à des séminaires scientifiques;2014;308;Paris;France
Communications à des séminaires scientifiques;2014;309;Santa Monica;Etats-Unis
Communications à des séminaires scientifiques;2014;310;paris;France
Communications à des séminaires scientifiques;2014;311;Marseille;France
Communications à des séminaires scientifiques;2014;312;Mulhouse;France
Communications à des séminaires scientifiques;2013;313;Paris;France
Communications à des séminaires scientifiques;2013;314;Paris;France
Communications à des séminaires scientifiques;2013;315;Paris;France
Communications à des séminaires scientifiques;2013;316;Paris;France
Communications à des séminaires scientifiques;2013;317;Paris;France
Communications à des séminaires scientifiques;2013;318;Paris;France
Communications à des séminaires scientifiques;2013;319;Paris;France
Communications à des séminaires scientifiques;2013;320;Paris;France
Communications à des séminaires scientifiques;2013;321;Lausanne;Suisse
Communications à des séminaires scientifiques;2013;322;Marseile;France
Communications à des séminaires scientifiques;2013;323;Paris;France